{"accuracy": {"Internacional": 0.9496533011757612, "Nacional": 0.9192041000904432, "Destacadas": 0.8842327404280976, "Deportes": 0.9686463671992764, "Salud": 0.9870364787458547, "Ciencia y Tecnologia": 0.9831172746457643, "Entretenimiento": 0.9758818209225204, "Economia": 0.967138981006934, "Noticias destacadas": 0.8914681941513416}, "presicion": {"Internacional": 0.7526881720430108, "Nacional": 0.5995085995085995, "Destacadas": 0.43558282208588955, "Deportes": 0.8351063829787234, "Salud": 0.9128205128205128, "Ciencia y Tecnologia": 0.8938679245283019, "Entretenimiento": 0.8650137741046832, "Economia": 0.8236714975845411, "Noticias destacadas": 0.9253731343283582}, "tp_rate": {"Internacional": 0.7887323943661971, "Nacional": 0.6991404011461319, "Destacadas": 0.19559228650137742, "Deportes": 0.8820224719101124, "Salud": 0.9753424657534246, "Ciencia y Tecnologia": 0.9717948717948718, "Entretenimiento": 0.9101449275362319, "Economia": 0.9045092838196287, "Noticias destacadas": 0.1486810551558753}, "fp_rate": {"Internacional": 0.031060094530722483, "Nacional": 0.05491913746630728, "Destacadas": 0.03114421123899797, "Deportes": 0.02093887200270179, "Salud": 0.011517615176151762, "Ciencia y Tecnologia": 0.015374103177314656, "Entretenimiento": 0.01648721399730821, "Economia": 0.024829931972789116, "Noticias destacadas": 0.0017241379310344827}, "f1_score": {"Internacional": 0.7702888583218707, "Nacional": 0.6455026455026455, "Destacadas": 0.26996197718631176, "Deportes": 0.8579234972677595, "Salud": 0.9430463576158941, "Ciencia y Tecnologia": 0.9312039312039312, "Entretenimiento": 0.8870056497175142, "Economia": 0.8621997471554993, "Noticias destacadas": 0.256198347107438}, "roc_point": [{"Internacional": 0.031060094530722483, "Nacional": 0.05491913746630728, "Destacadas": 0.03114421123899797, "Deportes": 0.02093887200270179, "Salud": 0.011517615176151762, "Ciencia y Tecnologia": 0.015374103177314656, "Entretenimiento": 0.01648721399730821, "Economia": 0.024829931972789116, "Noticias destacadas": 0.0017241379310344827}, {"Internacional": 0.7887323943661971, "Nacional": 0.6991404011461319, "Destacadas": 0.19559228650137742, "Deportes": 0.8820224719101124, "Salud": 0.9753424657534246, "Ciencia y Tecnologia": 0.9717948717948718, "Entretenimiento": 0.9101449275362319, "Economia": 0.9045092838196287, "Noticias destacadas": 0.1486810551558753}]}