{"accuracy": {"Internacional": 0.9457340970756708, "Nacional": 0.9107627374133253, "Destacadas": 0.8821223997588182, "Deportes": 0.9692493216762135, "Salud": 0.9846246608381067, "Ciencia y Tecnologia": 0.9813084112149533, "Entretenimiento": 0.9752788664455834, "Economia": 0.967138981006934, "Noticias destacadas": 0.89779921615918}, "presicion": {"Internacional": 0.714987714987715, "Nacional": 0.556989247311828, "Destacadas": 0.43457943925233644, "Deportes": 0.8207070707070707, "Salud": 0.8905472636815921, "Ciencia y Tecnologia": 0.8796296296296297, "Entretenimiento": 0.8451443569553806, "Economia": 0.8130841121495327, "Noticias destacadas": 0.8823529411764706}, "tp_rate": {"Internacional": 0.819718309859155, "Nacional": 0.7421203438395415, "Destacadas": 0.256198347107438, "Deportes": 0.9129213483146067, "Salud": 0.9808219178082191, "Ciencia y Tecnologia": 0.9743589743589743, "Entretenimiento": 0.9333333333333333, "Economia": 0.9230769230769231, "Noticias destacadas": 0.2158273381294964}, "fp_rate": {"Internacional": 0.03916272788656313, "Nacional": 0.06940700808625337, "Destacadas": 0.04096140825998646, "Deportes": 0.02397838568051334, "Salud": 0.014905149051490514, "Ciencia y Tecnologia": 0.01776563033823027, "Entretenimiento": 0.019851951547779273, "Economia": 0.027210884353741496, "Noticias destacadas": 0.004137931034482759}, "f1_score": {"Internacional": 0.7637795275590552, "Nacional": 0.6363636363636364, "Destacadas": 0.3223570190641248, "Deportes": 0.8643617021276596, "Salud": 0.9335071707953064, "Ciencia y Tecnologia": 0.9245742092457421, "Entretenimiento": 0.8870523415977962, "Economia": 0.8645962732919255, "Noticias destacadas": 0.3468208092485549}, "roc_point": [{"Internacional": 0.03916272788656313, "Nacional": 0.06940700808625337, "Destacadas": 0.04096140825998646, "Deportes": 0.02397838568051334, "Salud": 0.014905149051490514, "Ciencia y Tecnologia": 0.01776563033823027, "Entretenimiento": 0.019851951547779273, "Economia": 0.027210884353741496, "Noticias destacadas": 0.004137931034482759}, {"Internacional": 0.819718309859155, "Nacional": 0.7421203438395415, "Destacadas": 0.256198347107438, "Deportes": 0.9129213483146067, "Salud": 0.9808219178082191, "Ciencia y Tecnologia": 0.9743589743589743, "Entretenimiento": 0.9333333333333333, "Economia": 0.9230769230769231, "Noticias destacadas": 0.2158273381294964}]}