{"accuracy": {"Internacional": 0.9481459149834187, "Nacional": 0.9158878504672897, "Destacadas": 0.8848356949050347, "Deportes": 0.969550798914682, "Salud": 0.9852276153150437, "Ciencia y Tecnologia": 0.9819113656918903, "Entretenimiento": 0.9749773892071149, "Economia": 0.9674404582454025, "Noticias destacadas": 0.895990352728369}, "presicion": {"Internacional": 0.732824427480916, "Nacional": 0.5799086757990868, "Destacadas": 0.4527363184079602, "Deportes": 0.8311688311688312, "Salud": 0.8969849246231156, "Ciencia y Tecnologia": 0.8855140186915887, "Entretenimiento": 0.8502673796791443, "Economia": 0.8164705882352942, "Noticias destacadas": 0.9}, "tp_rate": {"Internacional": 0.8112676056338028, "Nacional": 0.7277936962750716, "Destacadas": 0.25068870523415976, "Deportes": 0.898876404494382, "Salud": 0.9780821917808219, "Ciencia y Tecnologia": 0.9717948717948718, "Entretenimiento": 0.9217391304347826, "Economia": 0.9204244031830239, "Noticias destacadas": 0.19424460431654678}, "fp_rate": {"Internacional": 0.035449020931802834, "Nacional": 0.06199460916442048, "Destacadas": 0.037237643872714964, "Deportes": 0.021952043228638973, "Salud": 0.013888888888888888, "Ciencia y Tecnologia": 0.016740690126409292, "Entretenimiento": 0.018842530282637954, "Economia": 0.026530612244897958, "Noticias destacadas": 0.003103448275862069}, "f1_score": {"Internacional": 0.7700534759358288, "Nacional": 0.6454891994917408, "Destacadas": 0.3226950354609929, "Deportes": 0.863697705802969, "Salud": 0.9357798165137614, "Ciencia y Tecnologia": 0.9266503667481663, "Entretenimiento": 0.8845618915159944, "Economia": 0.8653366583541147, "Noticias destacadas": 0.31952662721893493}, "roc_point": [{"Internacional": 0.035449020931802834, "Nacional": 0.06199460916442048, "Destacadas": 0.037237643872714964, "Deportes": 0.021952043228638973, "Salud": 0.013888888888888888, "Ciencia y Tecnologia": 0.016740690126409292, "Entretenimiento": 0.018842530282637954, "Economia": 0.026530612244897958, "Noticias destacadas": 0.003103448275862069}, {"Internacional": 0.8112676056338028, "Nacional": 0.7277936962750716, "Destacadas": 0.25068870523415976, "Deportes": 0.898876404494382, "Salud": 0.9780821917808219, "Ciencia y Tecnologia": 0.9717948717948718, "Entretenimiento": 0.9217391304347826, "Economia": 0.9204244031830239, "Noticias destacadas": 0.19424460431654678}]}