{"accuracy": {"Internacional": 0.9436237564063913, "Nacional": 0.9080494422671088, "Destacadas": 0.8797105818510702, "Deportes": 0.9680434127223395, "Salud": 0.9840217063611697, "Ciencia y Tecnologia": 0.9801025022610793, "Entretenimiento": 0.9743744347301778, "Economia": 0.9668375037684654, "Noticias destacadas": 0.8987036478745855}, "presicion": {"Internacional": 0.7019230769230769, "Nacional": 0.5464135021097046, "Destacadas": 0.41964285714285715, "Deportes": 0.8109452736318408, "Salud": 0.8861386138613861, "Ciencia y Tecnologia": 0.8698630136986302, "Entretenimiento": 0.8350515463917526, "Economia": 0.8083140877598153, "Noticias destacadas": 0.8857142857142857}, "tp_rate": {"Internacional": 0.8225352112676056, "Nacional": 0.7421203438395415, "Destacadas": 0.25895316804407714, "Deportes": 0.9157303370786517, "Salud": 0.9808219178082191, "Ciencia y Tecnologia": 0.9769230769230769, "Entretenimiento": 0.9391304347826087, "Economia": 0.9283819628647215, "Noticias destacadas": 0.22302158273381295}, "fp_rate": {"Internacional": 0.04186360567184335, "Nacional": 0.07243935309973046, "Destacadas": 0.044008124576844956, "Deportes": 0.025667004390408647, "Salud": 0.015582655826558265, "Ciencia y Tecnologia": 0.019473864024598567, "Entretenimiento": 0.021534320323014805, "Economia": 0.028231292517006804, "Noticias destacadas": 0.004137931034482759}, "f1_score": {"Internacional": 0.7574578469520103, "Nacional": 0.6294046172539489, "Destacadas": 0.3202725724020443, "Deportes": 0.8601583113456465, "Salud": 0.931079323797139, "Ciencia y Tecnologia": 0.9202898550724639, "Entretenimiento": 0.8840381991814461, "Economia": 0.8641975308641976, "Noticias destacadas": 0.3563218390804598}, "roc_point": [{"Internacional": 0.04186360567184335, "Nacional": 0.07243935309973046, "Destacadas": 0.044008124576844956, "Deportes": 0.025667004390408647, "Salud": 0.015582655826558265, "Ciencia y Tecnologia": 0.019473864024598567, "Entretenimiento": 0.021534320323014805, "Economia": 0.028231292517006804, "Noticias destacadas": 0.004137931034482759}, {"Internacional": 0.8225352112676056, "Nacional": 0.7421203438395415, "Destacadas": 0.25895316804407714, "Deportes": 0.9157303370786517, "Salud": 0.9808219178082191, "Ciencia y Tecnologia": 0.9769230769230769, "Entretenimiento": 0.9391304347826087, "Economia": 0.9283819628647215, "Noticias destacadas": 0.22302158273381295}]}