{
  "accuracy": {
    "Internacional": 0.8621315192743764,
    "Nacional": 0.8521541950113378,
    "Destacadas": 0.8231292517006803,
    "Deportes": 0.8807256235827664,
    "Salud": 0.890702947845805,
    "Ciencia y Tecnologia": 0.8920634920634921,
    "Entretenimiento": 0.8825396825396825,
    "Economia": 0.8775510204081632,
    "Noticias destacadas": 0.8054421768707483
  },
  "presicion": {
    "Internacional": 0.8125,
    "Nacional": 0.696,
    "Destacadas": 0.3333333333333333,
    "Deportes": 0.9176954732510288,
    "Salud": 0.9916317991631799,
    "Ciencia y Tecnologia": 0.9606986899563319,
    "Entretenimiento": 0.9071729957805907,
    "Economia": 0.9243027888446215,
    "Noticias destacadas": 0.38721804511278196
  },
  "tp_rate": {
    "Internacional": 0.4482758620689655,
    "Nacional": 0.41037735849056606,
    "Destacadas": 0.25,
    "Deportes": 0.47854077253218885,
    "Salud": 0.49789915966386555,
    "Ciencia y Tecnologia": 0.48997772828507796,
    "Entretenimiento": 0.4756637168141593,
    "Economia": 0.4803312629399586,
    "Noticias destacadas": 0.2791327913279133
  },
  "fp_rate": {
    "Internacional": 0.13134940995382247,
    "Nacional": 0.1278772378516624,
    "Destacadas": 0.1187214611872146,
    "Deportes": 0.12385321100917432,
    "Salud": 0.12156663275686673,
    "Ciencia y Tecnologia": 0.11589068825910931,
    "Entretenimiento": 0.12042682926829268,
    "Economia": 0.1284544524053224,
    "Noticias destacadas": 0.1371841155234657
  },
  "f1_score": {
    "Internacional": 0.5777777777777777,
    "Nacional": 0.516320474777448,
    "Destacadas": 0.28571428571428575,
    "Deportes": 0.6290550070521862,
    "Salud": 0.6629370629370629,
    "Ciencia y Tecnologia": 0.6489675516224189,
    "Entretenimiento": 0.6240928882438316,
    "Economia": 0.6321525885558582,
    "Noticias destacadas": 0.32440944881889766
  },
  "roc_point": [
    {
      "Internacional": 0.13134940995382247,
      "Nacional": 0.1278772378516624,
      "Destacadas": 0.1187214611872146,
      "Deportes": 0.12385321100917432,
      "Salud": 0.12156663275686673,
      "Ciencia y Tecnologia": 0.11589068825910931,
      "Entretenimiento": 0.12042682926829268,
      "Economia": 0.1284544524053224,
      "Noticias destacadas": 0.1371841155234657
    },
    {
      "Internacional": 0.4482758620689655,
      "Nacional": 0.41037735849056606,
      "Destacadas": 0.25,
      "Deportes": 0.47854077253218885,
      "Salud": 0.49789915966386555,
      "Ciencia y Tecnologia": 0.48997772828507796,
      "Entretenimiento": 0.4756637168141593,
      "Economia": 0.4803312629399586,
      "Noticias destacadas": 0.2791327913279133
    }
  ]
}
