{"accuracy": {"Internacional": 0.9520651190835092, "Nacional": 0.9243292131444076, "Destacadas": 0.8857401266204401, "Deportes": 0.9698522761531504, "Salud": 0.9891468194151342, "Ciencia y Tecnologia": 0.9828157974072957, "Entretenimiento": 0.9776906843533313, "Economia": 0.968947844437745, "Noticias destacadas": 0.8860416038589086}, "presicion": {"Internacional": 0.788235294117647, "Nacional": 0.6408045977011494, "Destacadas": 0.4344262295081967, "Deportes": 0.8555555555555555, "Salud": 0.9340369393139841, "Ciencia y Tecnologia": 0.8992805755395683, "Entretenimiento": 0.8882521489971347, "Economia": 0.8567708333333334, "Noticias destacadas": 0.9333333333333333}, "tp_rate": {"Internacional": 0.7549295774647887, "Nacional": 0.6389684813753582, "Destacadas": 0.14600550964187328, "Deportes": 0.8651685393258427, "Salud": 0.9698630136986301, "Ciencia y Tecnologia": 0.9615384615384616, "Entretenimiento": 0.8985507246376812, "Economia": 0.8726790450928382, "Noticias destacadas": 0.10071942446043165}, "fp_rate": {"Internacional": 0.024307900067521943, "Nacional": 0.04211590296495957, "Destacadas": 0.023358158429248477, "Deportes": 0.017561634582911177, "Salud": 0.008468834688346883, "Ciencia y Tecnologia": 0.01434916296549368, "Entretenimiento": 0.013122476446837146, "Economia": 0.01870748299319728, "Noticias destacadas": 0.0010344827586206897}, "f1_score": {"Internacional": 0.7712230215827338, "Nacional": 0.6398852223816356, "Destacadas": 0.21855670103092784, "Deportes": 0.8603351955307262, "Salud": 0.9516129032258065, "Ciencia y Tecnologia": 0.929368029739777, "Entretenimiento": 0.893371757925072, "Economia": 0.8646517739816032, "Noticias destacadas": 0.18181818181818182}, "roc_point": [{"Internacional": 0.024307900067521943, "Nacional": 0.04211590296495957, "Destacadas": 0.023358158429248477, "Deportes": 0.017561634582911177, "Salud": 0.008468834688346883, "Ciencia y Tecnologia": 0.01434916296549368, "Entretenimiento": 0.013122476446837146, "Economia": 0.01870748299319728, "Noticias destacadas": 0.0010344827586206897}, {"Internacional": 0.7549295774647887, "Nacional": 0.6389684813753582, "Destacadas": 0.14600550964187328, "Deportes": 0.8651685393258427, "Salud": 0.9698630136986301, "Ciencia y Tecnologia": 0.9615384615384616, "Entretenimiento": 0.8985507246376812, "Economia": 0.8726790450928382, "Noticias destacadas": 0.10071942446043165}]}