{
  "accuracy": {
    "Internacional": 0.8894562931811355,
    "Nacional": 0.8579152898768398,
    "Destacadas": 0.799639531390808,
    "Deportes": 0.878642234905377,
    "Salud": 0.8789426254130369,
    "Ciencia y Tecnologia": 0.8894562931811355,
    "Entretenimiento": 0.885250826073896,
    "Economia": 0.8870531691198558,
    "Noticias destacadas": 0.7963352358065485
  },
  "presicion": {
    "Internacional": 0.85,
    "Nacional": 0.696969696969697,
    "Destacadas": 0.30279898218829515,
    "Deportes": 0.9226666666666666,
    "Salud": 0.9848866498740554,
    "Ciencia y Tecnologia": 0.9485714285714286,
    "Entretenimiento": 0.9209039548022598,
    "Economia": 0.9438202247191011,
    "Noticias destacadas": 0.38954869358669836
  },
  "tp_rate": {
    "Internacional": 0.4594594594594595,
    "Nacional": 0.4107142857142857,
    "Destacadas": 0.232421875,
    "Deportes": 0.4798890429958391,
    "Salud": 0.49619289340101524,
    "Ciencia y Tecnologia": 0.4868035190615836,
    "Entretenimiento": 0.47941176470588237,
    "Economia": 0.48554913294797686,
    "Noticias destacadas": 0.28034188034188035
  },
  "fp_rate": {
    "Internacional": 0.10634762379528083,
    "Nacional": 0.12238705327039784,
    "Destacadas": 0.13385558583106266,
    "Deportes": 0.12694651320243738,
    "Salud": 0.1354024556616644,
    "Ciencia y Tecnologia": 0.11748909029875797,
    "Entretenimiento": 0.11899159663865547,
    "Economia": 0.11974436596030945,
    "Noticias destacadas": 0.14477303988995874
  },
  "f1_score": {
    "Internacional": 0.5964912280701754,
    "Nacional": 0.5168539325842696,
    "Destacadas": 0.26298342541436465,
    "Deportes": 0.6313868613138687,
    "Salud": 0.6599156118143461,
    "Ciencia y Tecnologia": 0.6434108527131783,
    "Entretenimiento": 0.6305609284332688,
    "Economia": 0.6412213740458015,
    "Noticias destacadas": 0.3260437375745527
  },
  "roc_point": [
    {
      "Internacional": 0.10634762379528083,
      "Nacional": 0.12238705327039784,
      "Destacadas": 0.13385558583106266,
      "Deportes": 0.12694651320243738,
      "Salud": 0.1354024556616644,
      "Ciencia y Tecnologia": 0.11748909029875797,
      "Entretenimiento": 0.11899159663865547,
      "Economia": 0.11974436596030945,
      "Noticias destacadas": 0.14477303988995874
    },
    {
      "Internacional": 0.4594594594594595,
      "Nacional": 0.4107142857142857,
      "Destacadas": 0.232421875,
      "Deportes": 0.4798890429958391,
      "Salud": 0.49619289340101524,
      "Ciencia y Tecnologia": 0.4868035190615836,
      "Entretenimiento": 0.47941176470588237,
      "Economia": 0.48554913294797686,
      "Noticias destacadas": 0.28034188034188035
    }
  ]
}
