{
  "accuracy": {
    "Internacional": 0.8701532912533815,
    "Nacional": 0.8629395852119026,
    "Destacadas": 0.8259693417493237,
    "Deportes": 0.8800721370604148,
    "Salud": 0.8827772768259693,
    "Ciencia y Tecnologia": 0.8904418394950406,
    "Entretenimiento": 0.8742110009017132,
    "Economia": 0.8818755635707844,
    "Noticias destacadas": 0.7953110910730388
  },
  "presicion": {
    "Internacional": 0.8049792531120332,
    "Nacional": 0.711864406779661,
    "Destacadas": 0.3468950749464668,
    "Deportes": 0.9186991869918699,
    "Salud": 0.9473684210526315,
    "Ciencia y Tecnologia": 0.9659574468085106,
    "Entretenimiento": 0.9248554913294798,
    "Economia": 0.9284253578732107,
    "Noticias destacadas": 0.35208711433756806
  },
  "tp_rate": {
    "Internacional": 0.4459770114942529,
    "Nacional": 0.4158415841584158,
    "Destacadas": 0.2575516693163752,
    "Deportes": 0.4788135593220339,
    "Salud": 0.4864864864864865,
    "Ciencia y Tecnologia": 0.49134199134199136,
    "Entretenimiento": 0.4804804804804805,
    "Economia": 0.4814422057264051,
    "Noticias destacadas": 0.26040268456375837
  },
  "fp_rate": {
    "Internacional": 0.12190187152250885,
    "Nacional": 0.11907164480322906,
    "Destacadas": 0.11766187956664147,
    "Deportes": 0.12474645030425964,
    "Salud": 0.12531709791983764,
    "Ciencia y Tecnologia": 0.11850731215330308,
    "Entretenimiento": 0.13249936175644625,
    "Economia": 0.1238915632125665,
    "Noticias destacadas": 0.14182754182754181
  },
  "f1_score": {
    "Internacional": 0.57396449704142,
    "Nacional": 0.525,
    "Destacadas": 0.29562043795620435,
    "Deportes": 0.6295264623955431,
    "Salud": 0.6428571428571428,
    "Ciencia y Tecnologia": 0.6513629842180775,
    "Entretenimiento": 0.6324110671936759,
    "Economia": 0.6340782122905028,
    "Noticias destacadas": 0.2993827160493827
  },
  "roc_point": [
    {
      "Internacional": 0.12190187152250885,
      "Nacional": 0.11907164480322906,
      "Destacadas": 0.11766187956664147,
      "Deportes": 0.12474645030425964,
      "Salud": 0.12531709791983764,
      "Ciencia y Tecnologia": 0.11850731215330308,
      "Entretenimiento": 0.13249936175644625,
      "Economia": 0.1238915632125665,
      "Noticias destacadas": 0.14182754182754181
    },
    {
      "Internacional": 0.4459770114942529,
      "Nacional": 0.4158415841584158,
      "Destacadas": 0.2575516693163752,
      "Deportes": 0.4788135593220339,
      "Salud": 0.4864864864864865,
      "Ciencia y Tecnologia": 0.49134199134199136,
      "Entretenimiento": 0.4804804804804805,
      "Economia": 0.4814422057264051,
      "Noticias destacadas": 0.26040268456375837
    }
  ]
}
