{"accuracy": {"Internacional": 0.9517636418450407, "Nacional": 0.9240277359059391, "Destacadas": 0.8875489900512511, "Deportes": 0.967741935483871, "Salud": 0.9897497738920712, "Ciencia y Tecnologia": 0.9834187518842328, "Entretenimiento": 0.9776906843533313, "Economia": 0.9704552306300874, "Noticias destacadas": 0.8818209225203497}, "presicion": {"Internacional": 0.8260869565217391, "Nacional": 0.6579804560260586, "Destacadas": 0.43902439024390244, "Deportes": 0.8716417910447761, "Salud": 0.948509485094851, "Ciencia y Tecnologia": 0.9115479115479116, "Entretenimiento": 0.9020771513353115, "Economia": 0.8801089918256131, "Noticias destacadas": 0.9629629629629629}, "tp_rate": {"Internacional": 0.6957746478873239, "Nacional": 0.5787965616045845, "Destacadas": 0.09917355371900827, "Deportes": 0.8202247191011236, "Salud": 0.958904109589041, "Ciencia y Tecnologia": 0.9512820512820512, "Entretenimiento": 0.881159420289855, "Economia": 0.8567639257294429, "Noticias destacadas": 0.06235011990407674}, "fp_rate": {"Internacional": 0.017555705604321403, "Nacional": 0.03537735849056604, "Destacadas": 0.015572105619498984, "Deportes": 0.014522120905099628, "Salud": 0.006436314363143632, "Ciencia y Tecnologia": 0.012299282541851725, "Entretenimiento": 0.01110363391655451, "Economia": 0.014965986394557823, "Noticias destacadas": 0.0003448275862068965}, "f1_score": {"Internacional": 0.7553516819571865, "Nacional": 0.6158536585365852, "Destacadas": 0.16179775280898875, "Deportes": 0.8451519536903038, "Salud": 0.9536784741144414, "Ciencia y Tecnologia": 0.9309912170639899, "Entretenimiento": 0.8914956011730205, "Economia": 0.8682795698924732, "Noticias destacadas": 0.11711711711711713}, "roc_point": [{"Internacional": 0.017555705604321403, "Nacional": 0.03537735849056604, "Destacadas": 0.015572105619498984, "Deportes": 0.014522120905099628, "Salud": 0.006436314363143632, "Ciencia y Tecnologia": 0.012299282541851725, "Entretenimiento": 0.01110363391655451, "Economia": 0.014965986394557823, "Noticias destacadas": 0.0003448275862068965}, {"Internacional": 0.6957746478873239, "Nacional": 0.5787965616045845, "Destacadas": 0.09917355371900827, "Deportes": 0.8202247191011236, "Salud": 0.958904109589041, "Ciencia y Tecnologia": 0.9512820512820512, "Entretenimiento": 0.881159420289855, "Economia": 0.8567639257294429, "Noticias destacadas": 0.06235011990407674}]}