{
  "accuracy": {
    "Internacional": 0.8575721153846154,
    "Nacional": 0.861328125,
    "Destacadas": 0.8094951923076923,
    "Deportes": 0.8777043269230769,
    "Salud": 0.8840144230769231,
    "Ciencia y Tecnologia": 0.8883713942307693,
    "Entretenimiento": 0.8874699519230769,
    "Economia": 0.8795072115384616,
    "Noticias destacadas": 0.8079927884615384
  },
  "presicion": {
    "Internacional": 0.8075471698113208,
    "Nacional": 0.6795422031473534,
    "Destacadas": 0.2979865771812081,
    "Deportes": 0.9029649595687331,
    "Salud": 0.9651474530831099,
    "Ciencia y Tecnologia": 0.9564606741573034,
    "Entretenimiento": 0.9238505747126436,
    "Economia": 0.9306666666666666,
    "Noticias destacadas": 0.3424124513618677
  },
  "tp_rate": {
    "Internacional": 0.44676409185803756,
    "Nacional": 0.4045996592844974,
    "Destacadas": 0.2295760082730093,
    "Deportes": 0.4745042492917847,
    "Salud": 0.49113233287858116,
    "Ciencia y Tecnologia": 0.48887293610911703,
    "Entretenimiento": 0.48020911127707244,
    "Economia": 0.48204419889502764,
    "Noticias destacadas": 0.25507246376811593
  },
  "fp_rate": {
    "Internacional": 0.13564238184610133,
    "Nacional": 0.11734094342789995,
    "Destacadas": 0.12603620368803925,
    "Deportes": 0.12546499830909705,
    "Salud": 0.12622673434856177,
    "Ciencia y Tecnologia": 0.11978465679676985,
    "Entretenimiento": 0.11677852348993288,
    "Economia": 0.12698950220115138,
    "Noticias destacadas": 0.13101104502973662
  },
  "f1_score": {
    "Internacional": 0.5752688172043011,
    "Nacional": 0.5072076882007474,
    "Destacadas": 0.25934579439252337,
    "Deportes": 0.6220984215413184,
    "Salud": 0.650994575045208,
    "Ciencia y Tecnologia": 0.6470308788598574,
    "Entretenimiento": 0.6319410319410319,
    "Economia": 0.6351228389444951,
    "Noticias destacadas": 0.29235880398671094
  },
  "roc_point": [
    {
      "Internacional": 0.13564238184610133,
      "Nacional": 0.11734094342789995,
      "Destacadas": 0.12603620368803925,
      "Deportes": 0.12546499830909705,
      "Salud": 0.12622673434856177,
      "Ciencia y Tecnologia": 0.11978465679676985,
      "Entretenimiento": 0.11677852348993288,
      "Economia": 0.12698950220115138,
      "Noticias destacadas": 0.13101104502973662
    },
    {
      "Internacional": 0.44676409185803756,
      "Nacional": 0.4045996592844974,
      "Destacadas": 0.2295760082730093,
      "Deportes": 0.4745042492917847,
      "Salud": 0.49113233287858116,
      "Ciencia y Tecnologia": 0.48887293610911703,
      "Entretenimiento": 0.48020911127707244,
      "Economia": 0.48204419889502764,
      "Noticias destacadas": 0.25507246376811593
    }
  ]
}
