{
  "accuracy": {
    "Internacional": 0.8617136659436009,
    "Nacional": 0.8611713665943601,
    "Destacadas": 0.8036876355748374,
    "Deportes": 0.8830441070137383,
    "Salud": 0.8853940708604483,
    "Ciencia y Tecnologia": 0.8870209689081706,
    "Entretenimiento": 0.8899132321041214,
    "Economia": 0.8881055676066522,
    "Noticias destacadas": 0.7968185104844541
  },
  "presicion": {
    "Internacional": 0.7895569620253164,
    "Nacional": 0.7347611202635914,
    "Destacadas": 0.29513343799058084,
    "Deportes": 0.9234608985024958,
    "Salud": 0.9572368421052632,
    "Ciencia y Tecnologia": 0.9669421487603306,
    "Entretenimiento": 0.9518072289156626,
    "Economia": 0.9253472222222222,
    "Noticias destacadas": 0.35912408759124087
  },
  "tp_rate": {
    "Internacional": 0.4412024756852343,
    "Nacional": 0.4235517568850902,
    "Destacadas": 0.22787878787878788,
    "Deportes": 0.4801038062283737,
    "Salud": 0.4890756302521008,
    "Ciencia y Tecnologia": 0.49159663865546216,
    "Entretenimiento": 0.4876543209876543,
    "Economia": 0.4806131650135257,
    "Noticias destacadas": 0.26423200859291085
  },
  "fp_rate": {
    "Internacional": 0.12897959183673469,
    "Nacional": 0.12324873096446701,
    "Destacadas": 0.13013278855975485,
    "Deportes": 0.12188197120259582,
    "Salud": 0.12347684809098294,
    "Ciencia y Tecnologia": 0.12279277450781409,
    "Entretenimiento": 0.11735003029690971,
    "Economia": 0.1162227602905569,
    "Noticias destacadas": 0.14132453063750774
  },
  "f1_score": {
    "Internacional": 0.5660805445263755,
    "Nacional": 0.5373493975903614,
    "Destacadas": 0.25718194254445964,
    "Deportes": 0.6317586795674445,
    "Salud": 0.6473859844271412,
    "Ciencia y Tecnologia": 0.6518105849582173,
    "Entretenimiento": 0.6448979591836734,
    "Economia": 0.6326409495548962,
    "Noticias destacadas": 0.3044554455445544
  },
  "roc_point": [
    {
      "Internacional": 0.12897959183673469,
      "Nacional": 0.12324873096446701,
      "Destacadas": 0.13013278855975485,
      "Deportes": 0.12188197120259582,
      "Salud": 0.12347684809098294,
      "Ciencia y Tecnologia": 0.12279277450781409,
      "Entretenimiento": 0.11735003029690971,
      "Economia": 0.1162227602905569,
      "Noticias destacadas": 0.14132453063750774
    },
    {
      "Internacional": 0.4412024756852343,
      "Nacional": 0.4235517568850902,
      "Destacadas": 0.22787878787878788,
      "Deportes": 0.4801038062283737,
      "Salud": 0.4890756302521008,
      "Ciencia y Tecnologia": 0.49159663865546216,
      "Entretenimiento": 0.4876543209876543,
      "Economia": 0.4806131650135257,
      "Noticias destacadas": 0.26423200859291085
    }
  ]
}
