{"accuracy": {"Internacional": 0.9523665963219777, "Nacional": 0.9240277359059391, "Destacadas": 0.8872475128127826, "Deportes": 0.9701537533916189, "Salud": 0.9897497738920712, "Ciencia y Tecnologia": 0.9834187518842328, "Entretenimiento": 0.9776906843533313, "Economia": 0.968947844437745, "Noticias destacadas": 0.8842327404280976}, "presicion": {"Internacional": 0.8087774294670846, "Nacional": 0.6474164133738601, "Destacadas": 0.4421052631578947, "Deportes": 0.8681948424068768, "Salud": 0.9413333333333334, "Ciencia y Tecnologia": 0.9075425790754258, "Entretenimiento": 0.8950437317784257, "Economia": 0.8643617021276596, "Noticias destacadas": 0.9714285714285714}, "tp_rate": {"Internacional": 0.7267605633802817, "Nacional": 0.6103151862464183, "Destacadas": 0.11570247933884298, "Deportes": 0.851123595505618, "Salud": 0.9671232876712329, "Ciencia y Tecnologia": 0.9564102564102565, "Entretenimiento": 0.8898550724637682, "Economia": 0.8620689655172413, "Noticias destacadas": 0.0815347721822542}, "fp_rate": {"Internacional": 0.020594193112761647, "Nacional": 0.03908355795148248, "Destacadas": 0.01794177386594448, "Deportes": 0.015535292131036813, "Salud": 0.007452574525745257, "Ciencia y Tecnologia": 0.012982576016399043, "Entretenimiento": 0.012113055181695828, "Economia": 0.017346938775510204, "Noticias destacadas": 0.0003448275862068965}, "f1_score": {"Internacional": 0.7655786350148368, "Nacional": 0.6283185840707964, "Destacadas": 0.1834061135371179, "Deportes": 0.8595744680851064, "Salud": 0.9540540540540542, "Ciencia y Tecnologia": 0.9313358302122348, "Entretenimiento": 0.8924418604651163, "Economia": 0.8632138114209827, "Noticias destacadas": 0.1504424778761062}, "roc_point": [{"Internacional": 0.020594193112761647, "Nacional": 0.03908355795148248, "Destacadas": 0.01794177386594448, "Deportes": 0.015535292131036813, "Salud": 0.007452574525745257, "Ciencia y Tecnologia": 0.012982576016399043, "Entretenimiento": 0.012113055181695828, "Economia": 0.017346938775510204, "Noticias destacadas": 0.0003448275862068965}, {"Internacional": 0.7267605633802817, "Nacional": 0.6103151862464183, "Destacadas": 0.11570247933884298, "Deportes": 0.851123595505618, "Salud": 0.9671232876712329, "Ciencia y Tecnologia": 0.9564102564102565, "Entretenimiento": 0.8898550724637682, "Economia": 0.8620689655172413, "Noticias destacadas": 0.0815347721822542}]}