{"accuracy": {"Internacional": 0.9424178474525173, "Nacional": 0.9068435333132349, "Destacadas": 0.8794091046126018, "Deportes": 0.9683448899608079, "Salud": 0.9831172746457643, "Ciencia y Tecnologia": 0.9798010250226108, "Entretenimiento": 0.9743744347301778, "Economia": 0.9662345492915285, "Noticias destacadas": 0.8984021706361169}, "presicion": {"Internacional": 0.6952380952380952, "Nacional": 0.5418410041841004, "Destacadas": 0.4177777777777778, "Deportes": 0.8083538083538083, "Salud": 0.8796068796068796, "Ciencia y Tecnologia": 0.8678815489749431, "Entretenimiento": 0.8333333333333334, "Economia": 0.8032036613272311, "Noticias destacadas": 0.8636363636363636}, "tp_rate": {"Internacional": 0.8225352112676056, "Nacional": 0.7421203438395415, "Destacadas": 0.25895316804407714, "Deportes": 0.9241573033707865, "Salud": 0.9808219178082191, "Ciencia y Tecnologia": 0.9769230769230769, "Entretenimiento": 0.9420289855072463, "Economia": 0.9310344827586207, "Noticias destacadas": 0.2278177458033573}, "fp_rate": {"Internacional": 0.04321404456448346, "Nacional": 0.07378706199460916, "Destacadas": 0.044346648612051454, "Deportes": 0.02634245187436677, "Salud": 0.01659891598915989, "Ciencia y Tecnologia": 0.019815510761872223, "Entretenimiento": 0.02187079407806191, "Economia": 0.029251700680272108, "Noticias destacadas": 0.005172413793103448}, "f1_score": {"Internacional": 0.7535483870967742, "Nacional": 0.626360338573156, "Destacadas": 0.3197278911564626, "Deportes": 0.8623853211009174, "Salud": 0.927461139896373, "Ciencia y Tecnologia": 0.9191797346200241, "Entretenimiento": 0.8843537414965987, "Economia": 0.8624078624078624, "Noticias destacadas": 0.3605313092979127}, "roc_point": [{"Internacional": 0.04321404456448346, "Nacional": 0.07378706199460916, "Destacadas": 0.044346648612051454, "Deportes": 0.02634245187436677, "Salud": 0.01659891598915989, "Ciencia y Tecnologia": 0.019815510761872223, "Entretenimiento": 0.02187079407806191, "Economia": 0.029251700680272108, "Noticias destacadas": 0.005172413793103448}, {"Internacional": 0.8225352112676056, "Nacional": 0.7421203438395415, "Destacadas": 0.25895316804407714, "Deportes": 0.9241573033707865, "Salud": 0.9808219178082191, "Ciencia y Tecnologia": 0.9769230769230769, "Entretenimiento": 0.9420289855072463, "Economia": 0.9310344827586207, "Noticias destacadas": 0.2278177458033573}]}