{"accuracy": {"Internacional": 0.9505577328911667, "Nacional": 0.9237262586674706, "Destacadas": 0.8866445583358457, "Deportes": 0.9698522761531504, "Salud": 0.9879409104612602, "Ciencia y Tecnologia": 0.9825143201688272, "Entretenimiento": 0.9773892071148629, "Economia": 0.967741935483871, "Noticias destacadas": 0.8890563762435936}, "presicion": {"Internacional": 0.7705382436260623, "Nacional": 0.6297297297297297, "Destacadas": 0.45112781954887216, "Deportes": 0.8478260869565217, "Salud": 0.922077922077922, "Ciencia y Tecnologia": 0.8971291866028708, "Entretenimiento": 0.8857142857142857, "Economia": 0.8391959798994975, "Noticias destacadas": 0.9454545454545454}, "tp_rate": {"Internacional": 0.7661971830985915, "Nacional": 0.667621776504298, "Destacadas": 0.1652892561983471, "Deportes": 0.8764044943820225, "Salud": 0.9726027397260274, "Ciencia y Tecnologia": 0.9615384615384616, "Entretenimiento": 0.8985507246376812, "Economia": 0.8859416445623343, "Noticias destacadas": 0.12470023980815348}, "fp_rate": {"Internacional": 0.027346387575962187, "Nacional": 0.04615902964959569, "Destacadas": 0.024712254570074477, "Deportes": 0.018912529550827423, "Salud": 0.01016260162601626, "Ciencia y Tecnologia": 0.014690809702767338, "Entretenimiento": 0.013458950201884253, "Economia": 0.021768707482993196, "Noticias destacadas": 0.0010344827586206897}, "f1_score": {"Internacional": 0.768361581920904, "Nacional": 0.6481223922114048, "Destacadas": 0.24193548387096772, "Deportes": 0.861878453038674, "Salud": 0.9466666666666667, "Ciencia y Tecnologia": 0.9282178217821783, "Entretenimiento": 0.8920863309352518, "Economia": 0.8619354838709677, "Noticias destacadas": 0.22033898305084748}, "roc_point": [{"Internacional": 0.027346387575962187, "Nacional": 0.04615902964959569, "Destacadas": 0.024712254570074477, "Deportes": 0.018912529550827423, "Salud": 0.01016260162601626, "Ciencia y Tecnologia": 0.014690809702767338, "Entretenimiento": 0.013458950201884253, "Economia": 0.021768707482993196, "Noticias destacadas": 0.0010344827586206897}, {"Internacional": 0.7661971830985915, "Nacional": 0.667621776504298, "Destacadas": 0.1652892561983471, "Deportes": 0.8764044943820225, "Salud": 0.9726027397260274, "Ciencia y Tecnologia": 0.9615384615384616, "Entretenimiento": 0.8985507246376812, "Economia": 0.8859416445623343, "Noticias destacadas": 0.12470023980815348}]}